epoch,time,train/box_loss,train/cls_loss,train/dfl_loss,metrics/precision(B),metrics/recall(B),metrics/mAP50(B),metrics/mAP50-95(B),val/box_loss,val/cls_loss,val/dfl_loss,lr/pg0,lr/pg1,lr/pg2
1,1786.53,0.53121,0.35661,0.83426,0.79575,0.7241,0.80181,0.63865,0.53979,0.43412,0.80923,0.001,0.001,0.001
2,2001.38,0.52037,0.34888,0.83052,0.78566,0.79907,0.83678,0.6712,0.53302,0.39831,0.80813,0.000901,0.000901,0.000901
3,3974.68,0.5261,0.35127,0.83341,0.78549,0.77547,0.83202,0.67068,0.53398,0.40251,0.80788,0.000802,0.000802,0.000802
4,5929.77,0.52173,0.34855,0.83189,0.79199,0.78633,0.84574,0.68232,0.52976,0.39566,0.80692,0.000703,0.000703,0.000703
5,7891.97,0.51941,0.34709,0.83114,0.80224,0.77812,0.84364,0.68039,0.52679,0.39223,0.80575,0.000604,0.000604,0.000604
6,9856.57,0.51882,0.34543,0.82995,0.79535,0.78713,0.83561,0.67558,0.52701,0.39432,0.8066,0.000505,0.000505,0.000505
7,11819.2,0.51766,0.34441,0.8305,0.79353,0.79658,0.8465,0.68295,0.52239,0.38886,0.80535,0.000406,0.000406,0.000406
8,13786.6,0.51532,0.34239,0.82942,0.79468,0.78966,0.84496,0.6827,0.52308,0.38764,0.80486,0.000307,0.000307,0.000307
9,1824.06,0.50641,0.3365,0.82603,0.78897,0.79947,0.84707,0.68489,0.52001,0.38522,0.80418,0.000208,0.000208,0.000208
10,3623.53,0.50965,0.33696,0.828,0.79776,0.79306,0.84665,0.68539,0.5207,0.38546,0.80457,0.000109,0.000109,0.000109
