split,video,cond,images,instances,mAP50,mAP50_95
val,Record003_D,D,107,1028,0.8678,0.743
val,Record007_D,D,35,324,0.905,0.7814
val,Record010_D,D,234,1810,0.8985,0.7558
val,Record012_D,D,13,61,0.9666,0.7961
val,Record027_D,D,263,998,0.8175,0.6805
val,Record028_D,D,149,679,0.7188,0.597
val,Record030_N,N,113,242,0.5997,0.5106
val,Record034_N,N,219,1038,0.5841,0.4969
val,Record037_D,D,45,86,0.7921,0.5217
val,Record045_D,D,155,1543,0.6688,0.4697
val,Record050_D,D,570,2439,0.5234,0.3924
val,Record052_D,D,390,2381,0.4679,0.3321
val,Record053_D,D,183,740,0.4883,0.3371
val,Record054_D,D,498,1584,0.4775,0.3352
val,Record104_R,R,31,154,0.7772,0.5885
val,Record108_A,A,31,283,0.9782,0.8185
val,Record116_D,D,87,622,0.8466,0.7013
val,Record120_D,D,98,1028,0.7989,0.6503
val,Record129_D,D,57,511,0.8221,0.664
val,Record132_D,D,29,214,0.8596,0.6096
val,Record133_D,D,25,194,0.8612,0.718
val,Record134_D,D,28,259,0.7451,0.5272
val,Record203_R,R,31,247,0.7601,0.6289
val,Record304_N,N,94,299,0.6116,0.5139
val,Record315_D,D,64,94,0.8275,0.6968
val,Record401_D,D,151,1661,0.9467,0.8027
val,Record402_D,D,153,1797,0.8467,0.6914
val,Record404_D,D,150,1798,0.8607,0.721
val,Record410_D,D,138,1070,0.6329,0.5144
val,Record419_R,R,112,715,0.8149,0.693
val,Record425_D,D,206,1924,0.9538,0.8206
val,Record426_D,D,283,2558,0.0071,0.0028
val,Record429_R,R,179,1584,0.8544,0.7378
val,Record432_R,R,13,49,0.952,0.8154
val,Record436_D,D,33,307,0.9338,0.7878
val,Record510_D,D,129,411,0.8699,0.7373
val,Record516_D,D,95,723,0.9752,0.8124
val,Record517_D,D,47,57,0.9884,0.8613
val,Record518_D,D,7,9,0.995,0.8774
val,Record519_D,D,52,170,0.8896,0.77
test,Record005_D,D,76,972,0.9237,0.7486
test,Record006_D,D,102,1328,0.9133,0.7451
test,Record009_D,D,113,888,0.8373,0.6789
test,Record011_D,D,35,80,0.7208,0.5656
test,Record020_N,N,454,1128,0.7052,0.5831
test,Record024_D,D,348,3400,0.7858,0.6402
test,Record031_N,N,235,860,0.871,0.6588
test,Record033_N,N,115,225,0.5412,0.4629
test,Record036_D,D,243,1097,0.8967,0.7429
test,Record038_D,D,85,413,0.6378,0.4887
test,Record100_N,N,33,119,0.8349,0.7171
test,Record101_N,N,20,105,0.9375,0.7077
test,Record105_A,A,26,183,0.7834,0.6568
test,Record109_D,D,57,397,0.9056,0.75
test,Record111_D,D,6,45,0.7175,0.5253
test,Record112_D,D,57,532,0.8072,0.6721
test,Record115_D,D,23,168,0.973,0.8163
test,Record122_D,D,92,769,0.9118,0.6951
test,Record123_R,R,35,83,0.6195,0.5234
test,Record125_D,D,143,1054,0.7245,0.594
test,Record127_D,D,87,791,0.8719,0.6802
test,Record131_D,D,35,226,0.811,0.6174
test,Record201_R,R,18,36,0.7233,0.6041
test,Record204_R,R,144,850,0.673,0.5301
test,Record300_D,D,140,379,0.7189,0.6115
test,Record306_D,D,13,54,0.7381,0.6378
test,Record310_D,D,71,110,0.9603,0.7836
test,Record403_D,D,133,1522,0.9231,0.7471
test,Record406_D,D,163,1764,0.9105,0.7704
test,Record407_D,D,51,467,0.8343,0.6794
test,Record413_D,D,238,3244,0.7935,0.6857
test,Record414_D,D,249,3107,0.9055,0.792
test,Record415_A,A,128,384,0.7648,0.6259
test,Record416_R,R,93,447,0.7111,0.6351
test,Record422_D,D,187,1860,0.651,0.5598
test,Record423_D,D,86,452,0.7423,0.64
test,Record427_D,D,329,2918,0.9163,0.7802
test,Record437_D,D,228,2302,0.9534,0.8289
test,Record505_D,D,11,12,0.9837,0.826
test,Record506_D,D,20,71,0.9846,0.8906
test,Record507_D,D,15,47,0.9359,0.7447
test,Record512_D,D,127,635,0.9347,0.801
test,Record515_D,D,332,1121,0.9004,0.7517
train,Record001_D,D,587,8747,0.8416,0.6467
train,Record002_N,N,608,3173,0.9139,0.7968
train,Record008_D,D,398,2486,0.9472,0.8065
train,Record022_N,N,835,3042,0.8417,0.7238
train,Record023_D,D,157,1747,0.968,0.8619
train,Record025_D,D,645,7939,0.9542,0.823
train,Record026_D,D,940,7023,0.9543,0.8046
train,Record029_A,A,147,354,0.8968,0.7821
train,Record032_N,N,190,564,0.8188,0.7192
train,Record035_D,D,969,4767,0.9576,0.8219
train,Record039_D,D,784,6697,0.6749,0.56
train,Record040_D,D,2218,20629,0.6501,0.5148
train,Record041_D,D,113,284,0.5566,0.4483
train,Record042_D,D,154,346,0.8362,0.7493
train,Record044_D,D,46,69,0.8012,0.6877
train,Record046_D,D,1393,7815,0.4514,0.3458
train,Record047_D,D,1533,10660,0.6967,0.5113
train,Record048_D,D,1117,11915,0.7755,0.5821
train,Record049_D,D,1040,9791,0.746,0.5757
train,Record051_D,D,7,26,0.995,0.9393
train,Record055_D,D,715,2884,0.6198,0.4688
train,Record056_D,D,829,3707,0.6931,0.4723
train,Record102_A,A,71,758,0.9431,0.8294
train,Record103_R,R,18,83,0.8859,0.7567
train,Record106_A,A,9,24,0.6552,0.5934
train,Record107_A,A,2,7,0.995,0.9597
train,Record110_A,A,70,581,0.9534,0.8211
train,Record113_D,D,28,113,0.7889,0.6475
train,Record114_D,D,79,862,0.9655,0.8492
train,Record117_D,D,49,312,0.865,0.7661
train,Record118_D,D,58,550,0.8435,0.7158
train,Record119_D,D,11,101,0.9095,0.7592
train,Record121_D,D,111,982,0.9174,0.8128
train,Record124_D,D,296,3300,0.9295,0.791
train,Record126_D,D,224,2423,0.9328,0.791
train,Record128_D,D,58,835,0.872,0.741
train,Record130_D,D,54,390,0.8445,0.6974
train,Record135_D,D,87,1922,0.6888,0.5023
train,Record136_D,D,116,1200,0.7611,0.6175
train,Record137_D,D,57,393,0.9504,0.8404
train,Record138_D,D,646,5858,0.8639,0.6965
train,Record200_R,R,38,72,0.9871,0.8944
train,Record301_D,D,254,1651,0.917,0.804
train,Record302_D,D,289,2338,0.9506,0.8303
train,Record303_D,D,287,2763,0.9554,0.8253
train,Record305_N,N,154,416,0.862,0.7328
train,Record307_D,D,267,2573,0.9607,0.8368
train,Record309_D,D,165,782,0.9213,0.8214
train,Record311_D,D,1,1,0.995,0.995
train,Record312_D,D,4,4,0.995,0.9637
train,Record313_D,D,131,196,0.9207,0.7851
train,Record314_D,D,6,31,0.9826,0.8806
train,Record316_D,D,21,21,0.9125,0.799
train,Record400_D,D,287,3315,0.9713,0.8465
train,Record405_D,D,221,1000,0.9901,0.874
train,Record408_R,R,214,1221,0.9282,0.8336
train,Record409_D,D,333,2280,0.9737,0.8831
train,Record411_D,D,378,3909,0.7705,0.6627
train,Record412_D,D,399,3794,0.9795,0.8762
train,Record417_R,R,250,1901,0.9248,0.806
train,Record418_R,R,24,57,0.9944,0.9307
train,Record420_D,D,429,4432,0.9352,0.8332
train,Record421_D,D,449,4937,0.9418,0.834
train,Record424_D,D,392,4661,0.9523,0.8294
train,Record428_D,D,365,2839,0.9634,0.8428
train,Record430_R,R,376,3788,0.9538,0.8529
train,Record431_R,R,396,3283,0.7912,0.6981
train,Record433_R,R,329,2897,0.7968,0.7045
train,Record434_R,R,276,2457,0.9548,0.8293
train,Record435_R,R,351,2927,0.748,0.6643
train,Record438_R,R,348,1893,0.8844,0.7591
train,Record439_R,R,26,64,0.9912,0.8931
train,Record440_D,D,245,586,0.9236,0.835
train,Record441_D,D,65,86,0.9943,0.9234
train,Record504_D,D,222,341,0.9639,0.865
train,Record508_D,D,18,40,0.9098,0.8357
train,Record509_D,D,25,95,0.8626,0.6731
train,Record511_D,D,321,1208,0.9267,0.7952
train,Record513_D,D,59,337,0.9084,0.8042
train,Record514_D,D,92,351,0.9795,0.8327
train,Record520_D,D,24,73,0.8037,0.5488
