split,video,cond,images,instances,mAP50,frames_saved,verdict
val,Record426_D,D,283,2558,0.0071,10,REVIEW
train,Record046_D,D,1393,7815,0.4514,10,REVIEW
val,Record052_D,D,390,2381,0.4679,10,REVIEW
val,Record054_D,D,498,1584,0.4775,10,REVIEW
val,Record053_D,D,183,740,0.4883,10,REVIEW
val,Record050_D,D,570,2439,0.5234,10,REVIEW
test,Record033_N,N,115,225,0.5412,10,REVIEW
train,Record041_D,D,113,284,0.5566,10,REVIEW
val,Record034_N,N,219,1038,0.5841,10,REVIEW
val,Record030_N,N,113,242,0.5997,10,REVIEW
val,Record304_N,N,94,299,0.6116,10,REVIEW
test,Record123_R,R,35,83,0.6195,10,REVIEW
train,Record055_D,D,715,2884,0.6198,10,REVIEW
